Date,DATA_USD,USD_EUR
01/10/2026,0.00027,0.884
30/09/2026,0.00037,0.883
29/09/2026,0.00024,0.879
28/09/2026,0.00025,0.879
27/09/2026,0.00024,0.878
26/09/2026,0.00023,0.878
25/09/2026,0.00024,0.879
24/09/2026,0.00025,0.878
23/09/2026,0.00025,0.873
22/09/2026,0.00027,0.872
21/09/2026,0.00023,0.871
20/09/2026,0.00022,0.871
19/09/2026,0.00028,0.870
18/09/2026,0.00023,0.871
17/09/2026,0.00023,0.871
16/09/2026,0.00024,0.866
15/09/2026,0.00022,0.866
14/09/2026,0.00021,0.862
13/09/2026,0.00025,0.862
12/09/2026,0.00025,0.862
11/09/2026,0.00026,0.861
10/09/2026,0.00020,0.859
09/09/2026,0.00027,0.860
08/09/2026,0.00025,0.860
07/09/2026,0.00024,0.861
06/09/2026,0.00023,0.861
05/09/2026,0.00024,0.861
04/09/2026,0.00022,0.860
03/09/2026,0.00021,0.863
02/09/2026,0.00022,0.862
01/09/2026,0.00022,0.860
31/08/2026,0.00025,0.863
30/08/2026,0.00025,0.863
29/08/2026,0.00023,0.863
28/08/2026,0.00024,0.858
27/08/2026,0.00027,0.858
26/08/2026,0.00026,0.857
25/08/2026,0.00024,0.857
24/08/2026,0.00024,0.856
23/08/2026,0.00023,0.856
22/08/2026,0.00020,0.856
21/08/2026,0.00019,0.855
20/08/2026,0.00017,0.856
19/08/2026,0.00015,0.863
18/08/2026,0.00016,0.863
17/08/2026,0.00016,0.863
16/08/2026,0.00016,0.863
15/08/2026,0.00014,0.864
14/08/2026,0.00015,0.866
13/08/2026,0.00014,0.866
12/08/2026,0.00014,0.866
11/08/2026,0.00014,0.865
10/08/2026,0.00014,0.865
09/08/2026,0.00014,0.864
08/08/2026,0.00015,0.864
07/08/2026,0.00014,0.867
06/08/2026,0.00018,0.864
05/08/2026,0.00019,0.866
04/08/2026,0.00020,0.868
03/08/2026,0.00020,0.865
02/08/2026,0.00020,0.866
01/08/2026,0.00019,0.866
31/07/2026,0.00019,0.867
30/07/2026,0.00018,0.871
29/07/2026,0.00018,0.877
28/07/2026,0.00018,0.879
27/07/2026,0.00018,0.877
26/07/2026,0.00017,0.878
25/07/2026,0.00017,0.878
24/07/2026,0.00017,0.878
23/07/2026,0.00017,0.876
22/07/2026,0.00017,0.876
21/07/2026,0.00016,0.875
20/07/2026,0.00015,0.874
19/07/2026,0.00014,0.874
18/07/2026,0.00017,0.874
17/07/2026,0.00016,0.873
16/07/2026,0.00015,0.871
15/07/2026,0.00019,0.875
14/07/2026,0.00025,0.877
13/07/2026,0.00021,0.876
12/07/2026,0.00042,0.875
11/07/2026,0.00327,0.875
10/07/2026,0.00041,0.874
09/07/2026,0.00042,0.875
08/07/2026,0.00041,0.877
07/07/2026,0.00041,0.873
06/07/2026,0.00039,0.874
05/07/2026,0.00036,0.874
04/07/2026,0.00036,0.873
03/07/2026,0.00033,0.874
02/07/2026,0.00034,0.878
01/07/2026,0.00083,0.875
30/06/2026,0.00088,0.874
29/06/2026,0.00078,0.877
28/06/2026,0.00080,0.877
27/06/2026,0.00059,0.877
26/06/2026,0.00086,0.879
25/06/2026,0.00087,0.879
24/06/2026,0.00078,0.878
23/06/2026,0.00079,0.874
22/06/2026,0.00061,0.871
21/06/2026,0.00064,0.871
20/06/2026,0.00074,0.870
19/06/2026,0.00048,0.872
18/06/2026,0.00036,0.868
17/06/2026,0.00041,0.860
16/06/2026,0.00054,0.862
15/06/2026,0.00059,0.861
14/06/2026,0.00053,0.864
13/06/2026,0.00058,0.864
12/06/2026,0.00059,0.863
11/06/2026,0.00051,0.866
10/06/2026,0.00051,0.866
09/06/2026,0.00052,0.867
08/06/2026,0.00058,0.868
07/06/2026,0.00057,0.867
06/06/2026,0.00051,0.868
05/06/2026,0.00053,0.860
04/06/2026,0.00058,0.860
03/06/2026,0.00055,0.859
02/06/2026,0.00064,0.858
01/06/2026,0.00064,0.857
31/05/2026,0.00070,0.856
30/05/2026,0.00063,0.856
29/05/2026,0.00064,0.857
28/05/2026,0.00065,0.859
27/05/2026,0.00064,0.858
26/05/2026,0.00067,0.859
25/05/2026,0.00065,0.858
24/05/2026,0.00061,0.861
23/05/2026,0.00062,0.860
22/05/2026,0.00068,0.860
21/05/2026,0.00064,0.859
20/05/2026,0.00063,0.861
19/05/2026,0.00070,0.857
18/05/2026,0.00074,0.860
17/05/2026,0.00072,0.860
16/05/2026,0.00072,0.860
15/05/2026,0.00078,0.857
14/05/2026,0.00081,0.853
13/05/2026,0.00094,0.852
12/05/2026,0.00091,0.849
11/05/2026,0.00074,0.850
10/05/2026,0.00071,0.848
09/05/2026,0.00070,0.848
08/05/2026,0.00074,0.852
07/05/2026,0.00075,0.851
06/05/2026,0.00073,0.854
05/05/2026,0.00075,0.855
04/05/2026,0.00074,0.853
03/05/2026,0.00073,0.852
02/05/2026,0.00071,0.853
01/05/2026,0.00071,0.852
30/04/2026,0.00070,0.855
29/04/2026,0.00071,0.853
28/04/2026,0.00073,0.853
27/04/2026,0.00073,0.855
26/04/2026,0.00074,0.853
25/04/2026,0.00075,0.853
24/04/2026,0.00088,0.856
23/04/2026,0.00087,0.854
22/04/2026,0.00089,0.852
21/04/2026,0.00093,0.849
20/04/2026,0.00095,0.852
19/04/2026,0.00095,0.850
18/04/2026,0.00098,0.850
17/04/2026,0.00095,0.849
16/04/2026,0.00096,0.847
15/04/2026,0.00094,0.848
14/04/2026,0.00095,0.849
13/04/2026,0.00095,0.854
12/04/2026,0.00094,0.853
11/04/2026,0.00095,0.853
10/04/2026,0.00098,0.856
09/04/2026,0.00100,0.858
08/04/2026,0.00101,0.860
03/04/2026,0.00100,0.867
02/04/2026,0.00098,0.866
01/04/2026,0.00100,0.863
31/03/2026,0.00100,0.869
30/03/2026,0.00099,0.872
28/03/2026,0.00102,0.866
27/03/2026,0.00105,0.868
26/03/2026,0.00110,0.866
25/03/2026,0.00103,0.863
24/03/2026,0.00091,0.863
23/03/2026,0.00110,0.864
22/03/2026,0.00113,0.864
21/03/2026,0.00113,0.864
20/03/2026,0.00113,0.865
19/03/2026,0.00113,0.869
18/03/2026,0.00116,0.868
17/03/2026,0.00119,0.868
16/03/2026,0.00117,0.873
15/03/2026,0.00115,0.873
14/03/2026,0.00116,0.872
13/03/2026,0.00117,0.872
12/03/2026,0.00118,0.867
11/03/2026,0.00116,0.862
10/03/2026,0.00117,0.860
09/03/2026,0.00114,0.865
08/03/2026,0.00111,0.864
07/03/2026,0.00119,0.861
06/03/2026,0.00115,0.862
05/03/2026,0.00110,0.862
04/03/2026,0.00106,0.863
02/03/2026,0.00104,0.855
01/03/2026,0.00103,0.847
28/02/2026,0.00102,0.845
27/02/2026,0.00101,0.846
26/02/2026,0.00104,0.848
25/02/2026,0.00105,0.848
24/02/2026,0.00104,0.849
23/02/2026,0.00104,0.847
22/02/2026,0.00107,0.849
21/02/2026,0.00108,0.849
20/02/2026,0.00125,0.850
19/02/2026,0.00100,0.849
18/02/2026,0.00092,0.846
17/02/2026,0.00093,0.845
16/02/2026,0.00089,0.807
15/02/2026,0.00089,0.807
14/02/2026,0.00093,0.842
13/02/2026,0.00093,0.843
12/02/2026,0.00117,0.842
11/02/2026,0.00159,0.841
10/02/2026,0.00211,0.840
09/02/2026,0.00184,0.842
08/02/2026,0.00173,0.846
07/02/2026,0.00188,0.846
06/02/2026,0.00208,0.847
05/02/2026,0.00237,0.848
04/02/2026,0.00263,0.846
03/02/2026,0.00274,0.847
02/02/2026,0.00302,0.845
01/02/2026,0.00352,0.844
31/01/2026,0.00364,0.844
30/01/2026,0.00370,0.840
29/01/2026,0.00373,0.836
28/01/2026,0.00378,0.834
27/01/2026,0.00391,0.837
26/01/2026,0.00395,0.842
25/01/2026,0.00390,0.843
24/01/2026,0.00394,0.845
23/01/2026,0.00391,0.846
22/01/2026,0.00401,0.855
21/01/2026,0.00393,0.835
20/01/2026,0.00401,0.854
19/01/2026,0.00418,0.860
18/01/2026,0.00477,0.862
17/01/2026,0.00491,0.862
16/01/2026,0.00482,0.861
15/01/2026,0.00491,0.861
14/01/2026,0.00525,0.859
13/01/2026,0.00519,0.858
12/01/2026,0.00511,0.857
11/01/2026,0.00522,0.859
10/01/2026,0.00524,0.859
09/01/2026,0.00515,0.859
08/01/2026,0.00517,0.856
07/01/2026,0.00532,0.856
06/01/2026,0.00522,0.854
05/01/2026,0.00512,0.855
04/01/2026,0.00498,0.853
03/01/2026,0.00509,0.853
02/01/2026,0.00516,0.852
01/01/2026,0.00596,0.852
31/12/2025,0.00568,0.852
30/12/2025,0.00571,0.850
29/12/2025,0.00585,0.850
28/12/2025,0.00590,0.849
27/12/2025,0.00585,0.849
26/12/2025,0.00578,0.849
25/12/2025,0.00568,0.849
24/12/2025,0.00551,0.848
23/12/2025,0.00546,0.849
22/12/2025,0.00556,0.852
21/12/2025,0.00549,0.853
20/12/2025,0.00561,0.854
19/12/2025,0.00536,0.854
18/12/2025,0.00539,0.852
17/12/2025,0.00553,0.852
16/12/2025,0.00571,0.851
15/12/2025,0.00594,0.851
14/12/2025,0.00625,0.853
13/12/2025,0.00647,0.852
12/12/2025,0.00645,0.852
11/12/2025,0.00640,0.853
10/12/2025,0.00682,0.859
09/12/2025,0.00684,0.859
08/12/2025,0.00677,0.859
07/12/2025,0.00679,0.859
06/12/2025,0.00674,0.859
05/12/2025,0.00671,0.859
04/12/2025,0.00695,0.858
03/12/2025,0.00696,0.859
02/12/2025,0.00676,0.861
01/12/2025,0.00657,0.861
30/11/2025,0.00705,0.862
29/11/2025,0.00754,0.862
28/11/2025,0.00743,0.863
27/11/2025,0.00739,0.862
26/11/2025,0.00717,0.863
25/11/2025,0.00703,0.866
24/11/2025,0.00710,0.868
23/11/2025,0.00690,0.868
22/11/2025,0.00668,0.868
21/11/2025,0.00671,0.868
20/11/2025,0.00724,0.868
19/11/2025,0.00672,0.865
18/11/2025,0.00677,0.863
17/11/2025,0.00686,0.862
16/11/2025,0.00698,0.860
15/11/2025,0.00709,0.860
14/11/2025,0.00707,0.860
13/11/2025,0.00743,0.861
12/11/2025,0.00763,0.864
11/11/2025,0.00788,0.864
10/11/2025,0.00789,0.865
09/11/2025,0.00756,0.865
08/11/2025,0.00787,0.864
07/11/2025,0.00739,0.865
06/11/2025,0.00691,0.868
05/11/2025,0.00688,0.871
04/11/2025,0.00688,0.869
03/11/2025,0.00704,0.868
02/11/2025,0.00760,0.864
01/11/2025,0.00758,0.863
31/10/2025,0.00750,0.865
30/10/2025,0.00776,0.863
29/10/2025,0.00819,0.860
28/10/2025,0.00839,0.858
27/10/2025,0.00871,0.859
26/10/2025,0.00863,0.861
25/10/2025,0.00849,0.860
24/10/2025,0.00841,0.861
23/10/2025,0.00829,0.862
22/10/2025,0.00831,0.862
21/10/2025,0.00858,0.861
20/10/2025,0.00895,0.858
19/10/2025,0.00896,0.858
18/10/2025,0.00891,0.858
17/10/2025,0.00893,0.856
16/10/2025,0.01020,0.858
15/10/2025,0.01041,0.860
14/10/2025,0.01096,0.864
13/10/2025,0.01086,0.863
12/10/2025,0.01011,0.861
11/10/2025,0.01002,0.861
10/10/2025,0.01295,0.863
09/10/2025,0.01343,0.862
08/10/2025,0.01352,0.860
07/10/2025,0.01397,0.856
06/10/2025,0.01429,0.855
05/10/2025,0.01429,0.852
04/10/2025,0.01423,0.852
03/10/2025,0.01433,0.852
02/10/2025,0.01419,0.852
01/10/2025,0.01355,0.852
30/09/2025,0.01332,0.852
29/09/2025,0.01364,0.853
28/09/2025,0.01317,0.855
27/09/2025,0.01333,0.854
26/09/2025,0.01303,0.856
25/09/2025,0.01349,0.853
24/09/2025,0.01384,0.850
23/09/2025,0.01378,0.847
22/09/2025,0.01409,0.850
21/09/2025,0.01539,0.851
20/09/2025,0.01546,0.851
19/09/2025,0.01573,0.850
18/09/2025,0.01604,0.847
17/09/2025,0.01553,0.844
16/09/2025,0.01531,0.848
15/09/2025,0.01538,0.851
14/09/2025,0.01619,0.853
13/09/2025,0.01649,0.852
12/09/2025,0.01609,0.853
11/09/2025,0.01603,0.854
10/09/2025,0.01597,0.854
09/09/2025,0.01587,0.852
08/09/2025,0.01566,0.852
07/09/2025,0.01528,0.853
06/09/2025,0.01528,0.853
05/09/2025,0.01543,0.855
04/09/2025,0.01547,0.858
03/09/2025,0.01575,0.858
02/09/2025,0.01553,0.857
01/09/2025,0.01574,0.854
31/08/2025,0.01658,0.857
30/08/2025,0.01656,0.856
29/08/2025,0.01677,0.856
28/08/2025,0.01700,0.858
27/08/2025,0.01704,0.861
26/08/2025,0.01657,0.859
25/08/2025,0.01653,0.856
24/08/2025,0.01696,0.854
23/08/2025,0.01704,0.853
22/08/2025,0.01615,0.859
21/08/2025,0.01560,0.860
20/08/2025,0.01543,0.859
19/08/2025,0.01620,0.857
18/08/2025,0.01601,0.856
17/08/2025,0.01684,0.855
16/08/2025,0.01641,0.854
15/08/2025,0.01625,0.856
14/08/2025,0.01711,0.856
13/08/2025,0.01749,0.855
12/08/2025,0.01668,0.859
11/08/2025,0.01691,0.860
10/08/2025,0.01722,0.858
09/08/2025,0.01715,0.859
08/08/2025,0.01647,0.858
07/08/2025,0.01590,0.858
06/08/2025,0.01531,0.861
05/08/2025,0.01536,0.865
04/08/2025,0.01529,0.864
03/08/2025,0.01472,0.863
02/08/2025,0.01460,0.863
01/08/2025,0.01523,0.867
31/07/2025,0.01639,0.875
30/07/2025,0.01621,0.867
29/07/2025,0.01668,0.865
28/07/2025,0.01777,0.857
27/07/2025,0.01748,0.851
26/07/2025,0.01730,0.851
25/07/2025,0.01682,0.852
24/07/2025,0.01721,0.850
23/07/2025,0.01838,0.851
22/07/2025,0.01916,0.854
21/07/2025,0.01999,0.858
20/07/2025,0.01936,0.860
19/07/2025,0.01865,0.860
18/07/2025,0.01915,0.860
17/07/2025,0.01794,0.862
16/07/2025,0.01762,0.861
15/07/2025,0.01682,0.858
14/07/2025,0.01728,0.856
13/07/2025,0.01722,0.856
12/07/2025,0.01700,0.856
11/07/2025,0.01726,0.856
10/07/2025,0.01584,0.854
09/07/2025,0.01514,0.854
08/07/2025,0.01473,0.853
07/07/2025,0.01484,0.852
06/07/2025,0.01456,0.849
05/07/2025,0.01460,0.849
04/07/2025,0.01499,0.849
03/07/2025,0.01516,0.849
02/07/2025,0.01461,0.848
01/07/2025,0.01522,0.848
30/06/2025,0.01557,0.852
29/06/2025,0.01555,0.853
28/06/2025,0.01563,0.853
27/06/2025,0.01559,0.854
26/06/2025,0.01692,0.855
25/06/2025,0.01525,0.860
24/06/2025,0.01529,0.862
23/06/2025,0.01641,0.868
22/06/2025,0.01465,0.868
21/06/2025,0.01278,0.868
20/06/2025,0.01271,0.868
19/06/2025,0.01228,0.871
18/06/2025,0.01223,0.870
17/06/2025,0.01258,0.867
16/06/2025,0.01314,0.865
15/06/2025,0.01280,0.866
14/06/2025,0.01246,0.866
13/06/2025,0.01260,0.867
12/06/2025,0.01368,0.865
11/06/2025,0.01464,0.873
10/06/2025,0.01437,0.876
09/06/2025,0.01392,0.875
07/06/2025,0.01327,0.877
06/06/2025,0.01345,0.876
05/06/2025,0.01402,0.875
04/06/2025,0.01469,0.878
03/06/2025,0.01468,0.877
02/06/2025,0.01409,0.877
01/06/2025,0.01358,0.881
31/05/2025,0.01357,0.883
30/05/2025,0.01474,0.881
29/05/2025,0.01569,0.884
28/05/2025,0.01598,0.884
27/05/2025,0.01620,0.880
26/05/2025,0.01591,0.878
25/05/2025,0.01577,0.880
24/05/2025,0.01669,0.880
23/05/2025,0.01786,0.882
22/05/2025,0.01811,0.885
21/05/2025,0.01738,0.883
20/05/2025,0.01727,0.888
19/05/2025,0.01699,0.891
18/05/2025,0.01716,0.896
17/05/2025,0.01676,0.896
16/05/2025,0.01743,0.895
15/05/2025,0.01787,0.893
14/05/2025,0.01917,0.893
13/05/2025,0.01898,0.898
12/05/2025,0.01924,0.901
11/05/2025,0.01927,0.889
10/05/2025,0.01914,0.889
09/05/2025,0.01812,0.889
08/05/2025,0.01664,0.886
07/05/2025,0.01553,0.881
06/05/2025,0.01532,0.882
05/05/2025,0.01559,0.883
04/05/2025,0.01568,0.885
03/05/2025,0.01643,0.885
02/05/2025,0.01716,0.884
01/05/2025,0.01725,0.885
30/04/2025,0.01687,0.880
29/04/2025,0.01776,0.878
28/04/2025,0.01809,0.880
27/04/2025,0.01852,0.879
26/04/2025,0.01894,0.877
25/04/2025,0.01873,0.880
24/04/2025,0.01789,0.880
23/04/2025,0.01790,0.879
22/04/2025,0.01709,0.871
21/04/2025,0.01705,0.878
20/04/2025,0.01672,0.878
19/04/2025,0.01618,0.878
18/04/2025,0.01583,0.879
17/04/2025,0.01542,0.880
16/04/2025,0.01499,0.881
15/04/2025,0.01523,0.883
14/04/2025,0.01535,0.880
13/04/2025,0.01575,0.880
12/04/2025,0.01564,0.880
11/04/2025,0.01519,0.883
10/04/2025,0.01510,0.903
09/04/2025,0.01408,0.908
08/04/2025,0.01372,0.914
07/04/2025,0.01334,0.912
06/04/2025,0.01467,0.913
05/04/2025,0.01514,0.913
04/04/2025,0.01508,0.908
03/04/2025,0.01521,0.909
02/04/2025,0.01641,0.925
01/04/2025,0.01742,0.925
31/03/2025,0.01717,0.924
30/03/2025,0.01722,0.923
29/03/2025,0.01721,0.923
28/03/2025,0.01804,0.926
27/03/2025,0.01951,0.927
26/03/2025,0.01985,0.928
25/03/2025,0.01988,0.926
24/03/2025,0.01974,0.925
23/03/2025,0.01906,0.925
22/03/2025,0.01900,0.925
21/03/2025,0.01916,0.923
20/03/2025,0.01942,0.919
19/03/2025,0.01939,0.916
18/03/2025,0.01915,0.915
17/03/2025,0.01908,0.917
16/03/2025,0.01893,0.919
15/03/2025,0.01914,0.919
14/03/2025,0.01918,0.920
13/03/2025,0.01884,0.920
12/03/2025,0.01858,0.917
11/03/2025,0.01793,0.917
10/03/2025,0.01830,0.923
09/03/2025,0.01937,0.923
08/03/2025,0.01991,0.923
07/03/2025,0.02005,0.923
06/03/2025,0.02019,0.926
05/03/2025,0.01997,0.935
04/03/2025,0.01947,0.950
03/03/2025,0.02235,0.957
02/03/2025,0.02258,0.964
01/03/2025,0.02174,0.964
28/02/2025,0.02101,0.962
27/02/2025,0.02057,0.957
26/02/2025,0.02030,0.952
25/02/2025,0.02056,0.954
24/02/2025,0.02309,0.954
23/02/2025,0.02469,0.956
22/02/2025,0.02458,0.956
21/02/2025,0.02513,0.955
20/02/2025,0.02483,0.957
19/02/2025,0.02474,0.958
18/02/2025,0.02471,0.956
17/02/2025,0.02602,0.954
16/02/2025,0.02669,0.953
15/02/2025,0.02698,0.953
14/02/2025,0.02688,0.954
13/02/2025,0.02631,0.960
12/02/2025,0.02585,0.964
11/02/2025,0.02546,0.968
10/02/2025,0.02473,0.970
09/02/2025,0.02458,0.968
08/02/2025,0.02427,0.968
07/02/2025,0.02343,0.965
06/02/2025,0.02350,0.963
05/02/2025,0.02507,0.961
04/02/2025,0.02435,0.967
03/02/2025,0.02338,0.974
02/02/2025,0.02866,0.966
01/02/2025,0.03162,0.965
31/01/2025,0.03267,0.963
30/01/2025,0.03224,0.960
29/01/2025,0.03123,0.960
28/01/2025,0.03176,0.959
27/01/2025,0.03180,0.954
26/01/2025,0.03433,0.953
25/01/2025,0.03516,0.953
24/01/2025,0.03590,0.955
23/01/2025,0.03625,0.960
22/01/2025,0.03707,0.960
21/01/2025,0.03550,0.962
20/01/2025,0.03606,0.967
19/01/2025,0.03921,0.973
18/01/2025,0.04248,0.973
17/01/2025,0.04468,0.972
16/01/2025,0.04359,0.972
15/01/2025,0.04336,0.971
14/01/2025,0.04188,0.974
13/01/2025,0.04100,0.978
12/01/2025,0.04363,0.976
11/01/2025,0.04448,0.976
10/01/2025,0.04473,0.973
09/01/2025,0.04511,0.970
08/01/2025,0.04557,0.969
07/01/2025,0.05017,0.963
06/01/2025,0.05111,0.965
05/01/2025,0.05140,0.970
04/01/2025,0.05069,0.970
03/01/2025,0.05006,0.972
02/01/2025,0.04996,0.969
01/01/2025,0.04796,0.962
31/12/2024,0.04927,0.961
30/12/2024,0.04802,0.960
29/12/2024,0.04989,0.959
28/12/2024,0.05134,0.959
27/12/2024,0.04759,0.960
26/12/2024,0.04751,0.961
25/12/2024,0.04947,0.960
24/12/2024,0.04878,0.962
23/12/2024,0.04655,0.960
22/12/2024,0.04481,0.959
21/12/2024,0.04592,0.959
20/12/2024,0.04363,0.962
19/12/2024,0.04702,0.963
18/12/2024,0.05007,0.955
17/12/2024,0.05382,0.952
16/12/2024,0.05524,0.952
15/12/2024,0.05893,0.952
14/12/2024,0.05949,0.952
13/12/2024,0.05603,0.954
12/12/2024,0.05181,0.953
11/12/2024,0.04934,0.952
10/12/2024,0.04920,0.948
09/12/2024,0.05515,0.947
08/12/2024,0.05712,0.946
07/12/2024,0.05802,0.946
06/12/2024,0.05836,0.946
05/12/2024,0.05842,0.948
04/12/2024,0.05932,0.952
03/12/2024,0.05405,0.952
02/12/2024,0.04911,0.951
01/12/2024,0.04942,0.945
30/11/2024,0.04866,0.945
29/11/2024,0.04758,0.946
28/11/2024,0.04570,0.948
27/11/2024,0.04527,0.950
26/11/2024,0.04425,0.954
25/11/2024,0.04521,0.953
24/11/2024,0.04386,0.959
23/11/2024,0.04224,0.960
22/11/2024,0.04045,0.958
21/11/2024,0.03963,0.950
20/11/2024,0.03959,0.947
19/11/2024,0.04020,0.945
18/11/2024,0.04044,0.947
17/11/2024,0.03844,0.949
16/11/2024,0.03701,0.949
15/11/2024,0.03491,0.948
14/11/2024,0.03508,0.948
13/11/2024,0.03607,0.943
12/11/2024,0.03815,0.941
11/11/2024,0.03945,0.936
10/11/2024,0.03892,0.933
09/11/2024,0.03662,0.933
08/11/2024,0.03584,0.929
07/11/2024,0.03582,0.929
06/11/2024,0.03470,0.930
05/11/2024,0.03248,0.918
04/11/2024,0.03226,0.918
03/11/2024,0.03239,0.923
02/11/2024,0.03400,0.923
01/11/2024,0.03395,0.921
31/10/2024,0.03511,0.921
30/10/2024,0.03547,0.923
29/10/2024,0.03542,0.925
28/10/2024,0.03394,0.925
27/10/2024,0.03401,0.926
26/10/2024,0.03412,0.926
25/10/2024,0.03527,0.924
24/10/2024,0.03515,0.926
23/10/2024,0.03628,0.927
22/10/2024,0.03715,0.925
21/10/2024,0.03788,0.922
20/10/2024,0.03753,0.920
19/10/2024,0.03649,0.920
18/10/2024,0.03620,0.922
17/10/2024,0.03661,0.922
16/10/2024,0.03744,0.919
15/10/2024,0.03845,0.917
14/10/2024,0.03868,0.916
13/10/2024,0.03785,0.914
12/10/2024,0.03806,0.914
11/10/2024,0.03676,0.914
10/10/2024,0.03629,0.915
09/10/2024,0.03754,0.912
08/10/2024,0.03813,0.911
07/10/2024,0.03899,0.911
06/10/2024,0.03816,0.911
05/10/2024,0.03740,0.911
04/10/2024,0.03694,0.909
03/10/2024,0.03607,0.906
02/10/2024,0.03779,0.904
01/10/2024,0.04171,0.901
30/09/2024,0.04503,0.896
29/09/2024,0.04463,0.896
28/09/2024,0.04409,0.896
27/09/2024,0.04450,0.896
26/09/2024,0.04531,0.897
25/09/2024,0.04630,0.894
24/09/2024,0.04496,0.900
23/09/2024,0.04329,0.897
22/09/2024,0.04257,0.895
21/09/2024,0.04020,0.895
20/09/2024,0.04053,0.896
19/09/2024,0.03794,0.898
18/09/2024,0.03628,0.899
17/09/2024,0.03418,0.899
16/09/2024,0.03455,0.900
15/09/2024,0.03764,0.902
14/09/2024,0.03847,0.902
13/09/2024,0.03754,0.902
12/09/2024,0.03748,0.907
11/09/2024,0.03677,0.907
10/09/2024,0.03762,0.906
09/09/2024,0.03703,0.904
08/09/2024,0.03524,0.901
07/09/2024,0.03580,0.901
06/09/2024,0.03767,0.901
05/09/2024,0.03816,0.902
04/09/2024,0.04022,0.904
03/09/2024,0.03632,0.905
02/09/2024,0.03451,0.904
01/09/2024,0.03395,0.904
31/08/2024,0.03605,0.904
30/08/2024,0.03742,0.903
29/08/2024,0.03823,0.901
28/08/2024,0.03730,0.898
27/08/2024,0.03804,0.895
26/08/2024,0.04127,0.895
25/08/2024,0.04202,0.892
24/08/2024,0.04513,0.892
23/08/2024,0.04619,0.897
22/08/2024,0.04321,0.899
21/08/2024,0.03635,0.898
20/08/2024,0.03201,0.901
19/08/2024,0.02992,0.905
18/08/2024,0.02883,0.906
17/08/2024,0.02676,0.906
16/08/2024,0.02690,0.911
15/08/2024,0.02943,0.908
14/08/2024,0.03090,0.910
13/08/2024,0.03074,0.914
12/08/2024,0.03096,0.915
11/08/2024,0.03121,0.915
10/08/2024,0.03125,0.915
09/08/2024,0.03118,0.916
08/08/2024,0.02944,0.915
07/08/2024,0.02857,0.915
06/08/2024,0.02807,0.913
05/08/2024,0.02720,0.916
04/08/2024,0.03042,0.916
03/08/2024,0.03149,0.916
02/08/2024,0.03360,0.926
01/08/2024,0.03405,0.924
31/07/2024,0.03535,0.925
30/07/2024,0.03676,0.924
29/07/2024,0.03750,0.920
28/07/2024,0.03675,0.920
27/07/2024,0.03720,0.920
26/07/2024,0.03641,0.922
25/07/2024,0.03422,0.922
24/07/2024,0.03593,0.921
23/07/2024,0.03655,0.918
22/07/2024,0.03872,0.918
21/07/2024,0.03994,0.918
20/07/2024,0.03958,0.918
19/07/2024,0.03820,0.918
18/07/2024,0.03971,0.914
17/07/2024,0.04084,0.917
16/07/2024,0.04005,0.918
15/07/2024,0.03830,0.917
14/07/2024,0.03686,0.917
13/07/2024,0.03624,0.917
12/07/2024,0.03580,0.920
11/07/2024,0.03888,0.923
10/07/2024,0.03845,0.925
09/07/2024,0.03815,0.924
08/07/2024,0.03679,0.922
07/07/2024,0.03760,0.922
06/07/2024,0.03659,0.922
05/07/2024,0.03585,0.925
04/07/2024,0.04009,0.927
03/07/2024,0.04343,0.931
02/07/2024,0.04512,0.931
01/07/2024,0.04594,0.933
30/06/2024,0.04379,0.933
29/06/2024,0.04535,0.933
28/06/2024,0.04645,0.934
27/06/2024,0.04562,0.936
26/06/2024,0.04466,0.933
25/06/2024,0.04473,0.932
24/06/2024,0.04256,0.934
23/06/2024,0.04479,0.934
22/06/2024,0.04477,0.934
21/06/2024,0.04569,0.934
20/06/2024,0.04645,0.931
19/06/2024,0.04732,0.931
18/06/2024,0.04616,0.932
17/06/2024,0.05041,0.933
16/06/2024,0.05252,0.933
15/06/2024,0.05205,0.933
14/06/2024,0.05234,0.931
13/06/2024,0.05267,0.925
12/06/2024,0.05432,0.931
11/06/2024,0.05268,0.929
10/06/2024,0.05428,0.925
09/06/2024,0.05436,0.924
08/06/2024,0.05570,0.924
07/06/2024,0.06325,0.918
06/06/2024,0.06572,0.920
05/06/2024,0.06527,0.919
04/06/2024,0.06333,0.917
03/06/2024,0.06146,0.921
02/06/2024,0.06143,0.921
01/06/2024,0.06153,0.921
31/05/2024,0.06029,0.923
30/05/2024,0.06145,0.925
29/05/2024,0.06249,0.921
28/05/2024,0.06130,0.921
27/05/2024,0.06145,0.921
26/05/2024,0.06202,0.921
25/05/2024,0.06191,0.921
24/05/2024,0.05954,0.924
23/05/2024,0.05797,0.924
22/05/2024,0.05917,0.921
21/05/2024,0.05818,0.921
20/05/2024,0.05347,0.918
19/05/2024,0.05394,0.918
18/05/2024,0.05481,0.918
17/05/2024,0.05366,0.920
16/05/2024,0.05381,0.919
15/05/2024,0.05284,0.924
14/05/2024,0.05176,0.927
13/05/2024,0.05343,0.927
12/05/2024,0.05308,0.927
11/05/2024,0.05355,0.927
10/05/2024,0.05447,0.927
09/05/2024,0.05341,0.930
08/05/2024,0.05364,0.930
07/05/2024,0.05547,0.929
06/05/2024,0.05654,0.928
05/05/2024,0.05839,0.928
04/05/2024,0.05826,0.928
03/05/2024,0.05554,0.932
02/05/2024,0.05210,0.933
01/05/2024,0.05059,0.937
30/04/2024,0.05409,0.933
29/04/2024,0.05656,0.934
28/04/2024,0.05962,0.934
27/04/2024,0.06040,0.934
26/04/2024,0.06167,0.932
25/04/2024,0.06388,0.935
24/04/2024,0.06685,0.934
23/04/2024,0.06730,0.939
22/04/2024,0.06699,0.937
21/04/2024,0.06308,0.937
20/04/2024,0.05961,0.937
19/04/2024,0.05718,0.939
18/04/2024,0.05560,0.937
17/04/2024,0.05635,0.942
16/04/2024,0.05452,0.941
15/04/2024,0.05545,0.937
14/04/2024,0.05351,0.937
13/04/2024,0.06023,0.937
12/04/2024,0.07396,0.932
11/04/2024,0.07685,0.931
10/04/2024,0.07536,0.921
09/04/2024,0.07873,0.921
08/04/2024,0.08073,0.922
07/04/2024,0.07767,0.922
06/04/2024,0.07585,0.922
05/04/2024,0.07581,0.923
04/04/2024,0.07371,0.923
03/04/2024,0.07276,0.928
02/04/2024,0.07279,0.931
01/04/2024,0.07753,0.926
31/03/2024,0.07996,0.926
30/03/2024,0.08052,0.926
29/03/2024,0.08115,0.927
28/03/2024,0.08399,0.925
27/03/2024,0.07846,0.923
26/03/2024,0.08129,0.923
25/03/2024,0.07901,0.921
24/03/2024,0.07680,0.921
23/03/2024,0.07685,0.921
22/03/2024,0.07860,0.921
21/03/2024,0.08342,0.915
20/03/2024,0.08692,0.920
19/03/2024,0.07489,0.920
18/03/2024,0.07739,0.918
17/03/2024,0.07386,0.918
16/03/2024,0.07656,0.918
15/03/2024,0.07802,0.918
14/03/2024,0.08215,0.911
13/03/2024,0.08487,0.913
12/03/2024,0.08270,0.917
11/03/2024,0.08666,0.913
10/03/2024,0.08840,0.913
09/03/2024,0.09055,0.920
08/03/2024,0.07920,0.917
07/03/2024,0.07719,0.919
06/03/2024,0.07239,0.920
05/03/2024,0.07218,0.920
04/03/2024,0.07099,0.920
03/03/2024,0.07128,0.920
02/03/2024,0.06855,0.920
01/03/2024,0.06637,0.925
29/02/2024,0.06658,0.923
28/02/2024,0.06898,0.920
27/02/2024,0.07079,0.920
26/02/2024,0.07004,0.920
25/02/2024,0.07196,0.920
24/02/2024,0.07128,0.920
23/02/2024,0.07145,0.925
22/02/2024,0.06957,0.921
21/02/2024,0.06942,0.923
20/02/2024,0.06920,0.927
19/02/2024,0.06847,0.930
18/02/2024,0.06781,0.930
17/02/2024,0.06361,0.930
16/02/2024,0.06582,0.930
15/02/2024,0.06786,0.930
14/02/2024,0.05952,0.930
13/02/2024,0.05880,0.930
12/02/2024,0.05695,0.930
11/02/2024,0.05745,0.930
10/02/2024,0.05676,0.930
09/02/2024,0.05242,0.930
08/02/2024,0.05188,0.930
07/02/2024,0.05081,0.930
06/02/2024,0.05258,0.930
05/02/2024,0.05291,0.930
04/02/2024,0.05186,0.930
03/02/2024,0.04769,0.930
02/02/2024,0.04745,0.924
01/02/2024,0.04714,0.920
31/01/2024,0.04875,0.920
30/01/2024,0.05040,0.920
29/01/2024,0.04936,0.921
28/01/2024,0.04816,0.920
27/01/2024,0.04771,0.920
26/01/2024,0.04712,0.920
25/01/2024,0.04688,0.920
24/01/2024,0.04828,0.920
23/01/2024,0.04803,0.920
22/01/2024,0.05144,0.920
21/01/2024,0.04879,0.920
20/01/2024,0.04786,0.920
19/01/2024,0.04555,0.920
18/01/2024,0.04814,0.920
17/01/2024,0.05060,0.920
16/01/2024,0.05152,0.915
15/01/2024,0.05143,0.910
14/01/2024,0.05084,0.910
13/01/2024,0.04945,0.910
12/01/2024,0.05046,0.910
11/01/2024,0.05210,0.910
10/01/2024,0.04956,0.915
09/01/2024,0.04964,0.912
08/01/2024,0.04631,0.910
07/01/2024,0.05656,0.910
06/01/2024,0.04864,0.910
05/01/2024,0.04326,0.912
04/01/2024,0.04373,0.915
03/01/2024,0.04642,0.920
02/01/2024,0.04957,0.905
01/01/2024,0.04785,0.905
31/12/2023,0.04820,0.910
30/12/2023,0.04906,0.910
29/12/2023,0.04796,0.902
28/12/2023,0.04918,0.900
27/12/2023,0.05149,0.896
26/12/2023,0.05448,0.898
25/12/2023,0.05696,0.905
24/12/2023,0.05445,0.910
23/12/2023,0.05500,0.910
22/12/2023,0.06248,0.910
21/12/2023,0.06966,0.910
20/12/2023,0.07981,0.910
19/12/2023,0.05477,0.910
18/12/2023,0.03055,0.919
17/12/2023,0.03155,0.920
16/12/2023,0.03103,0.920
15/12/2023,0.03043,0.913
14/12/2023,0.03076,0.916
13/12/2023,0.02980,0.928
12/12/2023,0.03037,0.930
11/12/2023,0.03070,0.930
10/12/2023,0.03232,0.930
09/12/2023,0.03275,0.930
08/12/2023,0.03203,0.930
07/12/2023,0.03143,0.926
06/12/2023,0.03102,0.930
05/12/2023,0.03075,0.924
04/12/2023,0.02924,0.920
03/12/2023,0.02990,0.920
02/12/2023,0.02966,0.920
01/12/2023,0.02917,0.920
