Date , USD Value  

15/12/25 00:00 , 0.00600
14/12/25 00:00 , 0.00625
13/12/25 00:00 , 0.00647
12/12/25 00:00 , 0.00645
11/12/25 00:00 , 0.00640
10/12/25 00:00 , 0.00682
09/12/25 00:00 , 0.00684
08/12/25 00:00 , 0.00677
07/12/25 00:00 , 0.00679
06/12/25 00:00 , 0.00674
05/12/25 00:00 , 0.00671
04/12/25 00:00 , 0.00695
03/12/25 00:00 , 0.00696
02/12/25 00:00 , 0.00676
01/12/25 00:00 , 0.00657
30/11/25 00:00 , 0.00694
29/11/25 00:00 , 0.00754
28/11/25 00:00 , 0.00743
27/11/25 00:00 , 0.00739
26/11/25 00:00 , 0.00717
25/11/25 00:00 , 0.00704
24/11/25 00:00 , 0.00710
23/11/25 00:00 , 0.00690
22/11/25 00:00 , 0.00668
21/11/25 00:00 , 0.00671
20/11/25 00:00 , 0.00724
19/11/25 00:00 , 0.00672
18/11/25 00:00 , 0.00677
17/11/25 00:00 , 0.00686
16/11/25 00:00 , 0.00698
15/11/25 00:00 , 0.00709
14/11/25 00:00 , 0.00707
13/11/25 00:00 , 0.00743
12/11/25 00:00 , 0.00763
11/11/25 00:00 , 0.00793
10/11/25 00:00 , 0.00789
09/11/25 00:00 , 0.00766
08/11/25 00:00 , 0.00914
07/11/25 00:00 , 0.00814
06/11/25 00:00 , 0.00729
05/11/25 00:00 , 0.00706
04/11/25 00:00 , 0.00714  
03/11/25 00:00 , 0.00772  
02/11/25 00:00 , 0.00785  
01/11/25 00:00 , 0.00776  
31/10/25 00:00 , 0.00757  
30/10/25 00:00 , 0.00818  
29/10/25 00:00 , 0.00836  
28/10/25 00:00 , 0.00857  
27/10/25 00:00 , 0.00891  
26/10/25 00:00 , 0.00880  
25/10/25 00:00 , 0.00871  
24/10/25 00:00 , 0.00855  
23/10/25 00:00 , 0.00847  
22/10/25 00:00 , 0.00848  
21/10/25 00:00 , 0.00890  
20/10/25 00:00 , 0.00928  
19/10/25 00:00 , 0.00925  
18/10/25 00:00 , 0.00914  
17/10/25 00:00 , 0.00982  
16/10/25 00:00 , 0.01044  
15/10/25 00:00 , 0.01114  
14/10/25 00:00 , 0.01160  
13/10/25 00:00 , 0.01147  
12/10/25 00:00 , 0.01083  
11/10/25 00:00 , 0.01050  
10/10/25 00:00 , 0.01364  
09/10/25 00:00 , 0.01396  
08/10/25 00:00 , 0.01392  
07/10/25 00:00 , 0.01437  
06/10/25 00:00 , 0.01449  
05/10/25 00:00 , 0.01458  
04/10/25 00:00 , 0.01450  
03/10/25 00:00 , 0.01455  
02/10/25 00:00 , 0.01451  
01/10/25 00:00 , 0.01394  
30/09/25 00:00 , 0.01368  
29/09/25 00:00 , 0.01403  
28/09/25 00:00 , 0.01371  
27/09/25 00:00 , 0.01349  
26/09/25 00:00 , 0.01320  
25/09/25 00:00 , 0.01394  
24/09/25 00:00 , 0.01402  
23/09/25 00:00 , 0.01396  
22/09/25 00:00 , 0.01515  
21/09/25 00:00 , 0.01579  
20/09/25 00:00 , 0.01579  
19/09/25 00:00 , 0.01619  
18/09/25 00:00 , 0.01621  
17/09/25 00:00 , 0.01604  
16/09/25 00:00 , 0.01570  
15/09/25 00:00 , 0.01596  
14/09/25 00:00 , 0.01642  
13/09/25 00:00 , 0.01675  
12/09/25 00:00 , 0.01629  
11/09/25 00:00 , 0.01634  
10/09/25 00:00 , 0.01622  
09/09/25 00:00 , 0.01629  
08/09/25 00:00 , 0.01599  
07/09/25 00:00 , 0.01539  
06/09/25 00:00 , 0.01546  
05/09/25 00:00 , 0.01585  
04/09/25 00:00 , 0.01598  
03/09/25 00:00 , 0.01600  
02/09/25 00:00 , 0.01575  
01/09/25 00:00 , 0.01627  
31/08/25 00:00 , 0.01710  
30/08/25 00:00 , 0.01697  
29/08/25 00:00 , 0.01740  
28/08/25 00:00 , 0.01721  
27/08/25 00:00 , 0.01746  
26/08/25 00:00 , 0.01769  
25/08/25 00:00 , 0.01725  
24/08/25 00:00 , 0.01736  
23/08/25 00:00 , 0.01716  
22/08/25 00:00 , 0.01712  
21/08/25 00:00 , 0.01592  
20/08/25 00:00 , 0.01594  
19/08/25 00:00 , 0.01831  
18/08/25 00:00 , 0.01682  
17/08/25 00:00 , 0.01704  
16/08/25 00:00 , 0.01680  
15/08/25 00:00 , 0.01684  
14/08/25 00:00 , 0.01797  
13/08/25 00:00 , 0.01774  
12/08/25 00:00 , 0.01754  
11/08/25 00:00 , 0.01739  
10/08/25 00:00 , 0.01744  
09/08/25 00:00 , 0.01743  
08/08/25 00:00 , 0.01684  
07/08/25 00:00 , 0.01627  
06/08/25 00:00 , 0.01572  
05/08/25 00:00 , 0.01583  
04/08/25 00:00 , 0.01579  
03/08/25 00:00 , 0.01489  
02/08/25 00:00 , 0.01498  
01/08/25 00:00 , 0.01653  
31/07/25 00:00 , 0.01653  
30/07/25 00:00 , 0.01659  
29/07/25 00:00 , 0.01742  
28/07/25 00:00 , 0.01833  
27/07/25 00:00 , 0.01798  
26/07/25 00:00 , 0.01757  
25/07/25 00:00 , 0.01740  
24/07/25 00:00 , 0.01804  
23/07/25 00:00 , 0.01910  
22/07/25 00:00 , 0.01994  
21/07/25 00:00 , 0.02032  
20/07/25 00:00 , 0.02004  
19/07/25 00:00 , 0.01895  
18/07/25 00:00 , 0.01982  
17/07/25 00:00 , 0.01884  
16/07/25 00:00 , 0.01824  
15/07/25 00:00 , 0.01737  
14/07/25 00:00 , 0.01760  
13/07/25 00:00 , 0.01755  
12/07/25 00:00 , 0.01769  
11/07/25 00:00 , 0.01765  
10/07/25 00:00 , 0.01655  
09/07/25 00:00 , 0.01545  
08/07/25 00:00 , 0.01551  
07/07/25 00:00 , 0.01557  
06/07/25 00:00 , 0.01517  
05/07/25 00:00 , 0.01514  
04/07/25 00:00 , 0.01583  
03/07/25 00:00 , 0.01541  
02/07/25 00:00 , 0.01513  
01/07/25 00:00 , 0.01619  
30/06/25 00:00 , 0.01590  
29/06/25 00:00 , 0.01583  
28/06/25 00:00 , 0.01584  
27/06/25 00:00 , 0.01600  
26/06/25 00:00 , 0.01800  
25/06/25 00:00 , 0.01692  
24/06/25 00:00 , 0.01615  
23/06/25 00:00 , 0.01906  
22/06/25 00:00 , 0.01688  
21/06/25 00:00 , 0.01330  
20/06/25 00:00 , 0.01378  
19/06/25 00:00 , 0.01254  
18/06/25 00:00 , 0.01256  
17/06/25 00:00 , 0.01312  
16/06/25 00:00 , 0.01349  
15/06/25 00:00 , 0.01318  
14/06/25 00:00 , 0.01263  
13/06/25 00:00 , 0.01311  
12/06/25 00:00 , 0.01419  
11/06/25 00:00 , 0.01496  
10/06/25 00:00 , 0.01479  
09/06/25 00:00 , 0.01419  
07/06/25 00:00 , 0.01349  
06/06/25 00:00 , 0.01409  
05/06/25 00:00 , 0.01442  
04/06/25 00:00 , 0.01518  
03/06/25 00:00 , 0.01504  
02/06/25 00:00 , 0.01431  
01/06/25 00:00 , 0.01399  
31/05/25 00:00 , 0.01496  
30/05/25 00:00 , 0.01547  
29/05/25 00:00 , 0.01665  
28/05/25 00:00 , 0.01690  
27/05/25 00:00 , 0.01684  
26/05/25 00:00 , 0.01626  
25/05/25 00:00 , 0.01644  
24/05/25 00:00 , 0.01694  
23/05/25 00:00 , 0.01861  
22/05/25 00:00 , 0.01844  
21/05/25 00:00 , 0.01784  
20/05/25 00:00 , 0.01772  
19/05/25 00:00 , 0.01769  
18/05/25 00:00 , 0.01775  
17/05/25 00:00 , 0.01707  
16/05/25 00:00 , 0.01790  
15/05/25 00:00 , 0.01893  
14/05/25 00:00 , 0.01982  
13/05/25 00:00 , 0.01979  
12/05/25 00:00 , 0.01983  
11/05/25 00:00 , 0.01979  
10/05/25 00:00 , 0.01941  
09/05/25 00:00 , 0.01908  
08/05/25 00:00 , 0.01735  
07/05/25 00:00 , 0.01597  
06/05/25 00:00 , 0.01593  
05/05/25 00:00 , 0.01593  
04/05/25 00:00 , 0.01605  
03/05/25 00:00 , 0.01693  
02/05/25 00:00 , 0.01760  
01/05/25 00:00 , 0.01795  
30/04/25 00:00 , 0.01757  
29/04/25 00:00 , 0.01823  
28/04/25 00:00 , 0.01858  
27/04/25 00:00 , 0.01921  
26/04/25 00:00 , 0.01934  
25/04/25 00:00 , 0.01912  
24/04/25 00:00 , 0.01865  
23/04/25 00:00 , 0.01816  
22/04/25 00:00 , 0.01794  
21/04/25 00:00 , 0.01734  
20/04/25 00:00 , 0.01698  
19/04/25 00:00 , 0.01639  
18/04/25 00:00 , 0.01616  
17/04/25 00:00 , 0.01560  
16/04/25 00:00 , 0.01545  
15/04/25 00:00 , 0.01570  
14/04/25 00:00 , 0.01572  
13/04/25 00:00 , 0.01612  
12/04/25 00:00 , 0.01638  
11/04/25 00:00 , 0.01566  
10/04/25 00:00 , 0.01586  
09/04/25 00:00 , 0.01577  
08/04/25 00:00 , 0.01410  
07/04/25 00:00 , 0.01415  
06/04/25 00:00 , 0.01531  
05/04/25 00:00 , 0.01548  
04/04/25 00:00 , 0.01546  
03/04/25 00:00 , 0.01580  
02/04/25 00:00 , 0.01723  
01/04/25 00:00 , 0.01772  
31/03/25 00:00 , 0.01784  
30/03/25 00:00 , 0.01762  
29/03/25 00:00 , 0.01773  
28/03/25 00:00 , 0.01940  
27/03/25 00:00 , 0.01987  
26/03/25 00:00 , 0.02017  
25/03/25 00:00 , 0.023  
24/03/25 00:00 , 0.02007  
23/03/25 00:00 , 0.01954  
22/03/25 00:00 , 0.01957  
21/03/25 00:00 , 0.02035  
20/03/25 00:00 , 0.01983  
19/03/25 00:00 , 0.01975  
18/03/25 00:00 , 0.01963  
17/03/25 00:00 , 0.01972  
16/03/25 00:00 , 0.01944  
15/03/25 00:00 , 0.01931  
14/03/25 00:00 , 0.01968  
13/03/25 00:00 , 0.01914  
12/03/25 00:00 , 0.01899  
11/03/25 00:00 , 0.01878  
10/03/25 00:00 , 0.01906  
09/03/25 00:00 , 0.02018  
08/03/25 00:00 , 0.02027  
07/03/25 00:00 , 0.02065  
06/03/25 00:00 , 0.02055  
05/03/25 00:00 , 0.02058  
04/03/25 00:00 , 0.02051  
03/03/25 00:00 , 0.02340  
02/03/25 00:00 , 0.02377  
01/03/25 00:00 , 0.02234  
28/02/25 00:00 , 0.02156  
27/02/25 00:00 , 0.02160  
26/02/25 00:00 , 0.02090  
25/02/25 00:00 , 0.02138  
24/02/25 00:00 , 0.02471  
23/02/25 00:00 , 0.02510  
22/02/25 00:00 , 0.02510  
21/02/25 00:00 , 0.02602  
20/02/25 00:00 , 0.02547  
19/02/25 00:00 , 0.02521  
18/02/25 00:00 , 0.02544  
17/02/25 00:00 , 0.02694  
16/02/25 00:00 , 0.02726  
15/02/25 00:00 , 0.02750  
14/02/25 00:00 , 0.02771  
13/02/25 00:00 , 0.02715  
12/02/25 00:00 , 0.02691  
11/02/25 00:00 , 0.02585  
10/02/25 00:00 , 0.02533  
09/02/25 00:00 , 0.02514  
08/02/25 00:00 , 0.02532  
07/02/25 00:00 , 0.02426  
06/02/25 00:00 , 0.02438  
05/02/25 00:00 , 0.02746  
04/02/25 00:00 , 0.02657  
03/02/25 00:00 , 0.02594  
02/02/25 00:00 , 0.03012  
01/02/25 00:00 , 0.03237  
31/01/25 00:00 , 0.03366  
30/01/25 00:00 , 0.03301  
29/01/25 00:00 , 0.03207  
28/01/25 00:00 , 0.03295  
27/01/25 00:00 , 0.03324  
26/01/25 00:00 , 0.03498  
25/01/25 00:00 , 0.03579  
24/01/25 00:00 , 0.03688  
23/01/25 00:00 , 0.03711  
22/01/25 00:00 , 0.03790  
21/01/25 00:00 , 0.03797  
20/01/25 00:00 , 0.03812  
19/01/25 00:00 , 0.04194  
18/01/25 00:00 , 0.04612  
17/01/25 00:00 , 0.04599  
16/01/25 00:00 , 0.04441  
15/01/25 00:00 , 0.04455  
14/01/25 00:00 , 0.04259  
13/01/25 00:00 , 0.04457  
12/01/25 00:00 , 0.04405  
11/01/25 00:00 , 0.04539  
10/01/25 00:00 , 0.04552  
09/01/25 00:00 , 0.04678  
08/01/25 00:00 , 0.04782  
07/01/25 00:00 , 0.05188  
06/01/25 00:00 , 0.05235  
05/01/25 00:00 , 0.05356  
04/01/25 00:00 , 0.05156  
03/01/25 00:00 , 0.05123  
02/01/25 00:00 , 0.05093  
01/01/25 00:00 , 0.04940  
31/12/24 00:00 , 0.05061  
30/12/24 00:00 , 0.04976  
29/12/24 00:00 , 0.05323  
28/12/24 00:00 , 0.05497  
27/12/24 00:00 , 0.04944  
26/12/24 00:00 , 0.04920  
25/12/24 00:00 , 0.05028  
24/12/24 00:00 , 0.05060  
23/12/24 00:00 , 0.04902  
22/12/24 00:00 , 0.04725  
21/12/24 00:00 , 0.04988  
20/12/24 00:00 , 0.04588  
19/12/24 00:00 , 0.04895  
18/12/24 00:00 , 0.05147  
17/12/24 00:00 , 0.05588  
16/12/24 00:00 , 0.05805  
15/12/24 00:00 , 0.06434  
14/12/24 00:00 , 0.06276  
13/12/24 00:00 , 0.05834  
12/12/24 00:00 , 0.05398  
11/12/24 00:00 , 0.05131  
10/12/24 00:00 , 0.05060  
09/12/24 00:00 , 0.05980  
08/12/24 00:00 , 0.06055  
07/12/24 00:00 , 0.05896  
06/12/24 00:00 , 0.05971  
05/12/24 00:00 , 0.06021  
04/12/24 00:00 , 0.06093  
03/12/24 00:00 , 0.05757  
02/12/24 00:00 , 0.05206  
01/12/24 00:00 , 0.05069  
30/11/24 00:00 , 0.04994  
29/11/24 00:00 , 0.04874  
28/11/24 00:00 , 0.04702  
27/11/24 00:00 , 0.04721  
26/11/24 00:00 , 0.04718  
25/11/24 00:00 , 0.04702  
24/11/24 00:00 , 0.04595  
23/11/24 00:00 , 0.04366  
22/11/24 00:00 , 0.04160  
21/11/24 00:00 , 0.04087  
20/11/24 00:00 , 0.04105  
19/11/24 00:00 , 0.04240  
18/11/24 00:00 , 0.04345  
17/11/24 00:00 , 0.04084  
16/11/24 00:00 , 0.03783  
15/11/24 00:00 , 0.03587  
14/11/24 00:00 , 0.03613  
13/11/24 00:00 , 0.03760  
12/11/24 00:00 , 0.04017  
11/11/24 00:00 , 0.04036  
10/11/24 00:00 , 0.04043  
09/11/24 00:00 , 0.03750  
08/11/24 00:00 , 0.03617  
07/11/24 00:00 , 0.03638  
06/11/24 00:00 , 0.03582  
05/11/24 00:00 , 0.03313  
04/11/24 00:00 , 0.03288  
03/11/24 00:00 , 0.03366  
02/11/24 00:00 , 0.03438  
01/11/24 00:00 , 0.03524  
31/10/24 00:00 , 0.03751  
30/10/24 00:00 , 0.03634  
29/10/24 00:00 , 0.03642  
28/10/24 00:00 , 0.03482  
27/10/24 00:00 , 0.03429  
26/10/24 00:00 , 0.03496  
25/10/24 00:00 , 0.03587  
24/10/24 00:00 , 0.03587  
23/10/24 00:00 , 0.03950  
22/10/24 00:00 , 0.03764  
21/10/24 00:00 , 0.03887  
20/10/24 00:00 , 0.03878  
19/10/24 00:00 , 0.03734  
18/10/24 00:00 , 0.03683  
17/10/24 00:00 , 0.03764  
16/10/24 00:00 , 0.03818  
15/10/24 00:00 , 0.03938  
14/10/24 00:00 , 0.03962  
13/10/24 00:00 , 0.03877  
12/10/24 00:00 , 0.03854  
11/10/24 00:00 , 0.03772  
10/10/24 00:00 , 0.03723  
09/10/24 00:00 , 0.03854  
08/10/24 00:00 , 0.03927  
07/10/24 00:00 , 0.03971  
06/10/24 00:00 , 0.03915  
05/10/24 00:00 , 0.03803  
04/10/24 00:00 , 0.03804  
03/10/24 00:00 , 0.03777  
02/10/24 00:00 , 0.03956  
01/10/24 00:00 , 0.04457  
30/09/24 00:00 , 0.04707  
29/09/24 00:00 , 0.04554  
28/09/24 00:00 , 0.04590  
27/09/24 00:00 , 0.04637  
26/09/24 00:00 , 0.04657  
25/09/24 00:00 , 0.04830  
24/09/24 00:00 , 0.04935  
23/09/24 00:00 , 0.04638  
22/09/24 00:00 , 0.04931  
21/09/24 00:00 , 0.04230  
20/09/24 00:00 , 0.04377  
19/09/24 00:00 , 0.03925  
18/09/24 00:00 , 0.03731  
17/09/24 00:00 , 0.03619  
16/09/24 00:00 , 0.03571  
15/09/24 00:00 , 0.03880  
14/09/24 00:00 , 0.03986  
13/09/24 00:00 , 0.03825  
12/09/24 00:00 , 0.03829  
11/09/24 00:00 , 0.03781  
10/09/24 00:00 , 0.03831  
09/09/24 00:00 , 0.03791  
08/09/24 00:00 , 0.03642  
07/09/24 00:00 , 0.03663  
06/09/24 00:00 , 0.03917  
05/09/24 00:00 , 0.04134  
04/09/24 00:00 , 0.04229  
03/09/24 00:00 , 0.04081  
02/09/24 00:00 , 0.03573  
01/09/24 00:00 , 0.03473  
31/08/24 00:00 , 0.03711  
30/08/24 00:00 , 0.03891  
29/08/24 00:00 , 0.04002  
28/08/24 00:00 , 0.03932  
27/08/24 00:00 , 0.03968  
26/08/24 00:00 , 0.04397  
25/08/24 00:00 , 0.04371  
24/08/24 00:00 , 0.04769  
23/08/24 00:00 , 0.05025  
22/08/24 00:00 , 0.04766  
21/08/24 00:00 , 0.04215  
20/08/24 00:00 , 0.03701  
19/08/24 00:00 , 0.03120  
18/08/24 00:00 , 0.02943  
17/08/24 00:00 , 0.02747  
16/08/24 00:00 , 0.02749  
15/08/24 00:00 , 0.03036  
14/08/24 00:00 , 0.03140  
13/08/24 00:00 , 0.03144  
12/08/24 00:00 , 0.03177  
11/08/24 00:00 , 0.03172  
10/08/24 00:00 , 0.03185  
09/08/24 00:00 , 0.03148  
08/08/24 00:00 , 0.03028  
07/08/24 00:00 , 0.02933  
06/08/24 00:00 , 0.02918  
05/08/24 00:00 , 0.02946  
04/08/24 00:00 , 0.03125  
03/08/24 00:00 , 0.03240  
02/08/24 00:00 , 0.03465  
01/08/24 00:00 , 0.03492  
31/07/24 00:00 , 0.03583  
30/07/24 00:00 , 0.03743  
29/07/24 00:00 , 0.03833  
28/07/24 00:00 , 0.03765  
27/07/24 00:00 , 0.03768  
26/07/24 00:00 , 0.03711  
25/07/24 00:00 , 0.03541  
24/07/24 00:00 , 0.03669  
23/07/24 00:00 , 0.03775  
22/07/24 00:00 , 0.04062  
21/07/24 00:00 , 0.04073  
20/07/24 00:00 , 0.03987  
19/07/24 00:00 , 0.03932  
18/07/24 00:00 , 0.04207  
17/07/24 00:00 , 0.04140  
16/07/24 00:00 , 0.04070  
15/07/24 00:00 , 0.03974  
14/07/24 00:00 , 0.03733  
13/07/24 00:00 , 0.03649  
12/07/24 00:00 , 0.03742  
11/07/24 00:00 , 0.03979  
10/07/24 00:00 , 0.03900  
09/07/24 00:00 , 0.03932  
08/07/24 00:00 , 0.03798  
07/07/24 00:00 , 0.03828  
06/07/24 00:00 , 0.03805  
05/07/24 00:00 , 0.03864  
04/07/24 00:00 , 0.04233  
03/07/24 00:00 , 0.04522  
02/07/24 00:00 , 0.04576  
01/07/24 00:00 , 0.04639  
30/06/24 00:00 , 0.04620  
29/06/24 00:00 , 0.04621  
28/06/24 00:00 , 0.04746  
27/06/24 00:00 , 0.04710  
26/06/24 00:00 , 0.04538  
25/06/24 00:00 , 0.04539  
24/06/24 00:00 , 0.04366  
23/06/24 00:00 , 0.04566  
22/06/24 00:00 , 0.04575  
21/06/24 00:00 , 0.04705  
20/06/24 00:00 , 0.04799  
19/06/24 00:00 , 0.04856  
18/06/24 00:00 , 0.04919  
17/06/24 00:00 , 0.05347  
16/06/24 00:00 , 0.05357  
15/06/24 00:00 , 0.05317  
14/06/24 00:00 , 0.05463  
13/06/24 00:00 , 0.05431  
12/06/24 00:00 , 0.05608  
11/06/24 00:00 , 0.05416  
10/06/24 00:00 , 0.05550  
09/06/24 00:00 , 0.05548  
08/06/24 00:00 , 0.05777  
07/06/24 00:00 , 0.06604  
06/06/24 00:00 , 0.06675  
05/06/24 00:00 , 0.06673  
04/06/24 00:00 , 0.06520  
03/06/24 00:00 , 0.06281  
02/06/24 00:00 , 0.06371  
01/06/24 00:00 , 0.06399  
31/05/24 00:00 , 0.06116  
30/05/24 00:00 , 0.06410  
29/05/24 00:00 , 0.06348  
28/05/24 00:00 , 0.06217  
27/05/24 00:00 , 0.06316  
26/05/24 00:00 , 0.06526  
25/05/24 00:00 , 0.06404  
24/05/24 00:00 , 0.07174  
23/05/24 00:00 , 0.05949  
22/05/24 00:00 , 0.05989  
21/05/24 00:00 , 0.05967  
20/05/24 00:00 , 0.05587  
19/05/24 00:00 , 0.05485  
18/05/24 00:00 , 0.05531  
17/05/24 00:00 , 0.05505  
16/05/24 00:00 , 0.05579  
15/05/24 00:00 , 0.05567  
14/05/24 00:00 , 0.05287  
13/05/24 00:00 , 0.05559  
12/05/24 00:00 , 0.05425  
11/05/24 00:00 , 0.05439  
10/05/24 00:00 , 0.05580  
09/05/24 00:00 , 0.05428  
08/05/24 00:00 , 0.05540  
07/05/24 00:00 , 0.05647  
06/05/24 00:00 , 0.05878  
05/05/24 00:00 , 0.05971  
04/05/24 00:00 , 0.05960  
03/05/24 00:00 , 0.05827  
02/05/24 00:00 , 0.05476  
01/05/24 00:00 , 0.05200  
30/04/24 00:00 , 0.05777  
29/04/24 00:00 , 0.05840  
28/04/24 00:00 , 0.06284  
27/04/24 00:00 , 0.06242  
26/04/24 00:00 , 0.06393  
25/04/24 00:00 , 0.06487  
24/04/24 00:00 , 0.06886  
23/04/24 00:00 , 0.06886  
22/04/24 00:00 , 0.06724  
21/04/24 00:00 , 0.06454  
20/04/24 00:00 , 0.06391  
19/04/24 00:00 , 0.05855  
18/04/24 00:00 , 0.05739  
17/04/24 00:00 , 0.06021  
16/04/24 00:00 , 0.05659  
15/04/24 00:00 , 0.05818  
14/04/24 00:00 , 0.05613  
13/04/24 00:00 , 0.06382  
12/04/24 00:00 , 0.07811  
11/04/24 00:00 , 0.07848  
10/04/24 00:00 , 0.07714  
09/04/24 00:00 , 0.08147  
08/04/24 00:00 , 0.08159  
07/04/24 00:00 , 0.07897  
06/04/24 00:00 , 0.07661  
05/04/24 00:00 , 0.07692  
04/04/24 00:00 , 0.07676  
03/04/24 00:00 , 0.07548  
02/04/24 00:00 , 0.07747  
01/04/24 00:00 , 0.08098  
31/03/24 00:00 , 0.08067  
30/03/24 00:00 , 0.08124  
29/03/24 00:00 , 0.08280  
28/03/24 00:00 , 0.08714  
27/03/24 00:00 , 0.08084  
26/03/24 00:00 , 0.08328  
25/03/24 00:00 , 0.08116  
24/03/24 00:00 , 0.07886  
23/03/24 00:00 , 0.07794  
22/03/24 00:00 , 0.08220  
21/03/24 00:00 , 0.08882  
20/03/24 00:00 , 0.09317  
19/03/24 00:00 , 0.09314  
18/03/24 00:00 , 0.08324  
17/03/24 00:00 , 0.07995  
16/03/24 00:00 , 0.08044  
15/03/24 00:00 , 0.08242  
14/03/24 00:00 , 0.08494  
13/03/24 00:00 , 0.08620  
12/03/24 00:00 , 0.08577  
11/03/24 00:00 , 0.08849  
10/03/24 00:00 , 0.09105  
09/03/24 00:00 , 0.09496  
08/03/24 00:00 , 0.08133  
07/03/24 00:00 , 0.08008  
06/03/24 00:00 , 0.07486  
05/03/24 00:00 , 0.07564  
04/03/24 00:00 , 0.07401  
03/03/24 00:00 , 0.07388  
02/03/24 00:00 , 0.06996  
01/03/24 00:00 , 0.06984  
29/02/24 00:00 , 0.06842  
28/02/24 00:00 , 0.07056  
27/02/24 00:00 , 0.07171  
26/02/24 00:00 , 0.07102  
25/02/24 00:00 , 0.07427  
24/02/24 00:00 , 0.07276  
23/02/24 00:00 , 0.07583  
22/02/24 00:00 , 0.07236  
21/02/24 00:00 , 0.07357  
20/02/24 00:00 , 0.07496  
19/02/24 00:00 , 0.07230  
18/02/24 00:00 , 0.07118  
17/02/24 00:00 , 0.06638  
16/02/24 00:00 , 0.06858  
15/02/24 00:00 , 0.07492  
14/02/24 00:00 , 0.06356  
13/02/24 00:00 , 0.06152  
12/02/24 00:00 , 0.05840  
11/02/24 00:00 , 0.05941  
10/02/24 00:00 , 0.06099  
09/02/24 00:00 , 0.05327  
08/02/24 00:00 , 0.05317  
07/02/24 00:00 , 0.05293  
06/02/24 00:00 , 0.05581  
05/02/24 00:00 , 0.05570  
04/02/24 00:00 , 0.05664  
03/02/24 00:00 , 0.04968  
02/02/24 00:00 , 0.04826  
01/02/24 00:00 , 0.04793  
31/01/24 00:00 , 0.04951  
30/01/24 00:00 , 0.05128  
29/01/24 00:00 , 0.05082  
28/01/24 00:00 , 0.04931  
27/01/24 00:00 , 0.04843  
26/01/24 00:00 , 0.04814  
25/01/24 00:00 , 0.04816  
24/01/24 00:00 , 0.04898  
23/01/24 00:00 , 0.05165  
22/01/24 00:00 , 0.05621  
21/01/24 00:00 , 0.05195  
20/01/24 00:00 , 0.05362  
19/01/24 00:00 , 0.04768  
18/01/24 00:00 , 0.05008  
17/01/24 00:00 , 0.05138  
16/01/24 00:00 , 0.05268  
15/01/24 00:00 , 0.05367  
14/01/24 00:00 , 0.05533  
13/01/24 00:00 , 0.05073  
12/01/24 00:00 , 0.05194  
11/01/24 00:00 , 0.05506  
10/01/24 00:00 , 0.05415  
09/01/24 00:00 , 0.05503  
08/01/24 00:00 , 0.05018  
07/01/24 00:00 , 0.06424  
06/01/24 00:00 , 0.06499  
05/01/24 00:00 , 0.04498  
04/01/24 00:00 , 0.04558  
03/01/24 00:00 , 0.04890  
02/01/24 00:00 , 0.05134  
01/01/24 00:00 , 0.04992  
31/12/23 00:00 , 0.05031  
30/12/23 00:00 , 0.05245  
29/12/23 00:00 , 0.05216  
28/12/23 00:00 , 0.05234  
27/12/23 00:00 , 0.05285  
26/12/23 00:00 , 0.05745  
25/12/23 00:00 , 0.06747  
24/12/23 00:00 , 0.06063  
23/12/23 00:00 , 0.06182  
22/12/23 00:00 , 0.06911  
21/12/23 00:00 , 0.07740  
20/12/23 00:00 , 0.09501  
19/12/23 00:00 , 0.07074  
18/12/23 00:00 , 0.03297  
17/12/23 00:00 , 0.03406  
16/12/23 00:00 , 0.03221  
15/12/23 00:00 , 0.03121  
14/12/23 00:00 , 0.03130  
13/12/23 00:00 , 0.03081  
12/12/23 00:00 , 0.03109  
11/12/23 00:00 , 0.03257  
10/12/23 00:00 , 0.03275  
09/12/23 00:00 , 0.03320  
08/12/23 00:00 , 0.03273  
07/12/23 00:00 , 0.03206  
06/12/23 00:00 , 0.03127  
05/12/23 00:00 , 0.03179  
04/12/23 00:00 , 0.02950  
03/12/23 00:00 , 0.03034  
02/12/23 00:00 , 0.03084  
01/12/23 00:00 , 0.02978  
30/11/23 00:00 , 0.02950  
29/11/23 00:00 , 0.03119  
28/11/23 00:00 , 0.02829  
27/11/23 00:00 , 0.02793  
26/11/23 00:00 , 0.02820  
25/11/23 00:00 , 0.02784  
24/11/23 00:00 , 0.02750  
23/11/23 00:00 , 0.02654  
22/11/23 00:00 , 0.02659  
21/11/23 00:00 , 0.02830  
20/11/23 00:00 , 0.02878  
19/11/23 00:00 , 0.02818  
18/11/23 00:00 , 0.02752  
17/11/23 00:00 , 0.02791  
16/11/23 00:00 , 0.02929  
15/11/23 00:00 , 0.02911  
14/11/23 00:00 , 0.02824  
13/11/23 00:00 , 0.03010  
12/11/23 00:00 , 0.03060  
11/11/23 00:00 , 0.02886  
10/11/23 00:00 , 0.02883  
09/11/23 00:00 , 0.02880  
08/11/23 00:00 , 0.02810  
07/11/23 00:00 , 0.02752  
06/11/23 00:00 , 0.02742  
05/11/23 00:00 , 0.02746  
04/11/23 00:00 , 0.02708  
03/11/23 00:00 , 0.02707  
02/11/23 00:00 , 0.02765  
01/11/23 00:00 , 0.02765  
31/10/23 00:00 , 0.02783  
30/10/23 00:00 , 0.02782  
29/10/23 00:00 , 0.02763  
28/10/23 00:00 , 0.02759  
27/10/23 00:00 , 0.02735  
26/10/23 00:00 , 0.02756  
25/10/23 00:00 , 0.02602  
24/10/23 00:00 , 0.02640  
23/10/23 00:00 , 0.02523  
22/10/23 00:00 , 0.02506  
21/10/23 00:00 , 0.02506  
20/10/23 00:00 , 0.02446  
19/10/23 00:00 , 0.02426  
18/10/23 00:00 , 0.02481  
17/10/23 00:00 , 0.02616  
16/10/23 00:00 , 0.02522  
15/10/23 00:00 , 0.02399  
14/10/23 00:00 , 0.02357  
13/10/23 00:00 , 0.02340  
12/10/23 00:00 , 0.02286  
11/10/23 00:00 , 0.02337  
10/10/23 00:00 , 0.02542  
09/10/23 00:00 , 0.02576  
08/10/23 00:00 , 0.02590  
07/10/23 00:00 , 0.02370  
06/10/23 00:00 , 0.02355  
05/10/23 00:00 , 0.02389  
04/10/23 00:00 , 0.02545  
03/10/23 00:00 , 0.02572  
02/10/23 00:00 , 0.02445  
01/10/23 00:00 , 0.02448  
30/09/23 00:00 , 0.02389  
29/09/23 00:00 , 0.02554  
28/09/23 00:00 , 0.02363  
27/09/23 00:00 , 0.02304  
26/09/23 00:00 , 0.02304  
25/09/23 00:00 , 0.02291  
24/09/23 00:00 , 0.02382  
23/09/23 00:00 , 0.02265  
22/09/23 00:00 , 0.02223  
21/09/23 00:00 , 0.02235  
20/09/23 00:00 , 0.02248  
19/09/23 00:00 , 0.02251  
18/09/23 00:00 , 0.02249  
17/09/23 00:00 , 0.02254  
16/09/23 00:00 , 0.02383  
15/09/23 00:00 , 0.02192  
14/09/23 00:00 , 0.02102  
13/09/23 00:00 , 0.02066  
12/09/23 00:00 , 0.02108  
11/09/23 00:00 , 0.02128  
10/09/23 00:00 , 0.02207  
09/09/23 00:00 , 0.02259  
08/09/23 00:00 , 0.02314  
07/09/23 00:00 , 0.02258  
06/09/23 00:00 , 0.02262  
05/09/23 00:00 , 0.02225  
04/09/23 00:00 , 0.02188  
03/09/23 00:00 , 0.02279  
02/09/23 00:00 , 0.02171  
01/09/23 00:00 , 0.02110  
29/08/23 00:00 , 0.02188  
28/08/23 00:00 , 0.02120  
25/08/23 00:00 , 0.02129  
24/08/23 00:00 , 0.02214  
23/08/23 00:00 , 0.02247  
22/08/23 00:00 , 0.02293  
21/08/23 00:00 , 0.02207  
20/08/23 00:00 , 0.02347  
19/08/23 00:00 , 0.02177  
18/08/23 00:00 , 0.02171  
17/08/23 00:00 , 0.02244  
16/08/23 00:00 , 0.02337  
15/08/23 00:00 , 0.02423  
14/08/23 00:00 , 0.02538  
13/08/23 00:00 , 0.02446  
12/08/23 00:00 , 0.02346  
11/08/23 00:00 , 0.02363  
10/08/23 00:00 , 0.02381  
09/08/23 00:00 , 0.02399  
08/08/23 00:00 , 0.02391  
07/08/23 00:00 , 0.02382  
06/08/23 00:00 , 0.02359  
05/08/23 00:00 , 0.02317  
04/08/23 00:00 , 0.02357  
03/08/23 00:00 , 0.02405  
02/08/23 00:00 , 0.02443  
01/08/23 00:00 , 0.02429  
31/07/23 00:00 , 0.02476  
30/07/23 00:00 , 0.02503  
29/07/23 00:00 , 0.02504  
28/07/23 00:00 , 0.02505  
27/07/23 00:00 , 0.02518  
26/07/23 00:00 , 0.02490  
25/07/23 00:00 , 0.02474  
24/07/23 00:00 , 0.02626  
23/07/23 00:00 , 0.02658  
22/07/23 00:00 , 0.02619  
21/07/23 00:00 , 0.02644  
20/07/23 00:00 , 0.02645  
19/07/23 00:00 , 0.02587  
18/07/23 00:00 , 0.02648  
17/07/23 00:00 , 0.02667  
16/07/23 00:00 , 0.02698  
15/07/23 00:00 , 0.02721  
14/07/23 00:00 , 0.02821  
13/07/23 00:00 , 0.02897  
12/07/23 00:00 , 0.02785  
11/07/23 00:00 , 0.02802  
10/07/23 00:00 , 0.02676  
09/07/23 00:00 , 0.02733  
08/07/23 00:00 , 0.02661  
07/07/23 00:00 , 0.02717  
06/07/23 00:00 , 0.02695  
05/07/23 00:00 , 0.02655  
04/07/23 00:00 , 0.02699  
03/07/23 00:00 , 0.02574  
02/07/23 00:00 , 0.02524  
01/07/23 00:00 , 0.02822  
30/06/23 00:00 , 0.02492  
29/06/23 00:00 , 0.02349  
28/06/23 00:00 , 0.02535  
27/06/23 00:00 , 0.02637  
26/06/23 00:00 , 0.02465  
25/06/23 00:00 , 0.02499  
24/06/23 00:00 , 0.02465  
23/06/23 00:00 , 0.02453  
22/06/23 00:00 , 0.02427  
21/06/23 00:00 , 0.02368  
20/06/23 00:00 , 0.02382  
19/06/23 00:00 , 0.02593  
18/06/23 00:00 , 0.02206  
17/06/23 00:00 , 0.02222  
16/06/23 00:00 , 0.02193  
15/06/23 00:00 , 0.02164  
14/06/23 00:00 , 0.02265  
13/06/23 00:00 , 0.02227  
12/06/23 00:00 , 0.02241  
11/06/23 00:00 , 0.02252  
10/06/23 00:00 , 0.02498  
09/06/23 00:00 , 0.02515  
08/06/23 00:00 , 0.02538  
07/06/23 00:00 , 0.02635  
06/06/23 00:00 , 0.02651  
05/06/23 00:00 , 0.02895  
04/06/23 00:00 , 0.02913  
03/06/23 00:00 , 0.02887  
02/06/23 00:00 , 0.02870  
01/06/23 00:00 , 0.02824  
31/05/23 00:00 , 0.02910  
30/05/23 00:00 , 0.02898  
29/05/23 00:00 , 0.02869  
28/05/23 00:00 , 0.02830  
27/05/23 00:00 , 0.02821  
26/05/23 00:00 , 0.02857  
25/05/23 00:00 , 0.02832  
24/05/23 00:00 , 0.02813  
23/05/23 00:00 , 0.02809  
22/05/23 00:00 , 0.02766  
21/05/23 00:00 , 0.02841  
20/05/23 00:00 , 0.02868  
19/05/23 00:00 , 0.02894  
18/05/23 00:00 , 0.02896  
17/05/23 00:00 , 0.02838  
16/05/23 00:00 , 0.02857  
15/05/23 00:00 , 0.02859  
14/05/23 00:00 , 0.02762  
13/05/23 00:00 , 0.02892  
12/05/23 00:00 , 0.02801  
11/05/23 00:00 , 0.02919  
10/05/23 00:00 , 0.03015  
09/05/23 00:00 , 0.02868  
08/05/23 00:00 , 0.02955  
07/05/23 00:00 , 0.03086  
06/05/23 00:00 , 0.03210  
05/05/23 00:00 , 0.03276  
04/05/23 00:00 , 0.03300  
03/05/23 00:00 , 0.03298  
02/05/23 00:00 , 0.03304  
01/05/23 00:00 , 0.03443  
30/04/23 00:00 , 0.03567  
29/04/23 00:00 , 0.03553  
28/04/23 00:00 , 0.03648  
27/04/23 00:00 , 0.03673  
26/04/23 00:00 , 0.03733  
25/04/23 00:00 , 0.03684  
23/04/23 00:00 , 0.03670  
22/04/23 00:00 , 0.03659  
21/04/23 00:00 , 0.03708  
20/04/23 00:00 , 0.03835  
19/04/23 00:00 , 0.04122  
18/04/23 00:00 , 0.04125  
17/04/23 00:00 , 0.04129  
16/04/23 00:00 , 0.04087  
15/04/23 00:00 , 0.03980  
14/04/23 00:00 , 0.04026  
13/04/23 00:00 , 0.03960  
12/04/23 00:00 , 0.03945  
11/04/23 00:00 , 0.04008  
10/04/23 00:00 , 0.03998  
09/04/23 00:00 , 0.04003  
08/04/23 00:00 , 0.04165  
07/04/23 00:00 , 0.03836  
06/04/23 00:00 , 0.03864  
05/04/23 00:00 , 0.03960  
04/04/23 00:00 , 0.03868  
03/04/23 00:00 , 0.03795  
02/04/23 00:00 , 0.03849  
01/04/23 00:00 , 0.03908  
31/03/23 00:00 , 0.03850  
30/03/23 00:00 , 0.03899  
29/03/23 00:00 , 0.03912  
28/03/23 00:00 , 0.03639  
27/03/23 00:00 , 0.03820  
26/03/23 00:00 , 0.03774  
25/03/23 00:00 , 0.03659  
24/03/23 00:00 , 0.03850  
23/03/23 00:00 , 0.03933  
22/03/23 00:00 , 0.03943  
21/03/23 00:00 , 0.04185  
20/03/23 00:00 , 0.03713  
19/03/23 00:00 , 0.03848  
18/03/23 00:00 , 0.03854  
17/03/23 00:00 , 0.03812  
16/03/23 00:00 , 0.03731  
15/03/23 00:00 , 0.03929  
14/03/23 00:00 , 0.03853  
13/03/23 00:00 , 0.03656  
12/03/23 00:00 , 0.03519  
11/03/23 00:00 , 0.03353  
10/03/23 00:00 , 0.03361  
09/03/23 00:00 , 0.03648  
08/03/23 00:00 , 0.03828  
07/03/23 00:00 , 0.04060  
06/03/23 00:00 , 0.03904  
05/03/23 00:00 , 0.03849  
04/03/23 00:00 , 0.03897  
03/03/23 00:00 , 0.04124  
02/03/23 00:00 , 0.04286  
01/03/23 00:00 , 0.04246  
28/02/23 00:00 , 0.04230  
27/02/23 00:00 , 0.04289  
26/02/23 00:00 , 0.04244  
25/02/23 00:00 , 0.04199  
24/02/23 00:00 , 0.04433  
23/02/23 00:00 , 0.04707  
22/02/23 00:00 , 0.04730  
21/02/23 00:00 , 0.04518  
20/02/23 00:00 , 0.04556  
19/02/23 00:00 , 0.04308  
18/02/23 00:00 , 0.04274  
17/02/23 00:00 , 0.04205  
16/02/23 00:00 , 0.04298  
15/02/23 00:00 , 0.04042  
14/02/23 00:00 , 0.03875  
13/02/23 00:00 , 0.03824  
12/02/23 00:00 , 0.03940  
11/02/23 00:00 , 0.04077  
10/02/23 00:00 , 0.03740  
09/02/23 00:00 , 0.04254  
08/02/23 00:00 , 0.04748  
07/02/23 00:00 , 0.04652  
06/02/23 00:00 , 0.04241  
05/02/23 00:00 , 0.05064  
04/02/23 00:00 , 0.03691  
03/02/23 00:00 , 0.03648  
02/02/23 00:00 , 0.03544  
01/02/23 00:00 , 0.03476  
31/01/23 00:00 , 0.03504  
30/01/23 00:00 , 0.03507  
29/01/23 00:00 , 0.03444  
28/01/23 00:00 , 0.03361  
27/01/23 00:00 , 0.03347  
26/01/23 00:00 , 0.03341  
25/01/23 00:00 , 0.03457  
24/01/23 00:00 , 0.03513  
23/01/23 00:00 , 0.03515  
22/01/23 00:00 , 0.03590  
21/01/23 00:00 , 0.03850  
20/01/23 00:00 , 0.03868  
19/01/23 00:00 , 0.04223  
18/01/23 00:00 , 0.04308  
17/01/23 00:00 , 0.03046  
15/01/23 00:00 , 0.02760  
14/01/23 00:00 , 0.02771  
13/01/23 00:00 , 0.02680  
12/01/23 00:00 , 0.02537  
11/01/23 00:00 , 0.02472  
10/01/23 00:00 , 0.02456  
09/01/23 00:00 , 0.02493  
08/01/23 00:00 , 0.02458  
07/01/23 00:00 , 0.02362  
06/01/23 00:00 , 0.02369  
05/01/23 00:00 , 0.02319  
04/01/23 00:00 , 0.02313  
03/01/23 00:00 , 0.02312  
02/01/23 00:00 , 0.02285  
01/01/23 00:00 , 0.02269  
30/12/22 00:00 , 0.02284  
29/12/22 00:00 , 0.02287  
28/12/22 00:00 , 0.02255  
27/12/22 00:00 , 0.02321  
26/12/22 00:00 , 0.02344  
25/12/22 00:00 , 0.02368  
24/12/22 00:00 , 0.02387  
23/12/22 00:00 , 0.02284  
22/12/22 00:00 , 0.02305  
21/12/22 00:00 , 0.02314  
20/12/22 00:00 , 0.02300  
19/12/22 00:00 , 0.02325  
18/12/22 00:00 , 0.02345  
17/12/22 00:00 , 0.02320  
16/12/22 00:00 , 0.02561  
15/12/22 00:00 , 0.02654  
14/12/22 00:00 , 0.02691  
13/12/22 00:00 , 0.02660  
12/12/22 00:00 , 0.02728  
11/12/22 00:00 , 0.02743  
09/12/22 00:00 , 0.02895  
08/12/22 00:00 , 0.02698  
07/12/22 00:00 , 0.02719  
06/12/22 00:00 , 0.02704  
03/12/22 00:00 , 0.02742  
02/12/22 00:00 , 0.02757  
01/12/22 00:00 , 0.02838  
30/11/22 00:00 , 0.02793  
29/11/22 00:00 , 0.02708  
28/11/22 00:00 , 0.02659  
27/11/22 00:00 , 0.02708  
26/11/22 00:00 , 0.02672  
25/11/22 00:00 , 0.02620  
24/11/22 00:00 , 0.02715  
23/11/22 00:00 , 0.02706  
22/11/22 00:00 , 0.02543  
21/11/22 00:00 , 0.02523  
20/11/22 00:00 , 0.02633  
19/11/22 00:00 , 0.02458  
18/11/22 00:00 , 0.02450  
17/11/22 00:00 , 0.02465  
16/11/22 00:00 , 0.02612  
15/11/22 00:00 , 0.02435  





